id,name,host_id,host_name,neighbourhood_group,neighbourhood,latitude,longitude,room_type,price,minimum_nights,number_of_reviews,last_review,reviews_per_month,calculated_host_listings_count,availability_365,number_of_reviews_ltm,license
1489424,Home in Albany · ★4.74 · 1 bedroom · 1 bed · 1 private bath,5294164,Efrat,,FOURTEENTH WARD,42.66719,-73.8158,Private room,50,1,239,2023-12-08,1.90,1,201,47,
2992450,Rental unit in Albany · ★3.56 · 2 bedrooms · 2 beds · 1 bath,4621559,Kenneth,,THIRD WARD,42.65789,-73.7537,Entire home/apt,70,28,9,2022-08-17,0.08,1,365,0,
3820211,Rental unit in Albany · ★4.74 · 1 bedroom · 1 bed · 1 bath,19648678,Terra,,SIXTH WARD,42.65222,-73.76724,Entire home/apt,125,2,291,2023-11-19,2.54,10,361,8,
5651579,Rental unit in Albany · ★4.51 · Studio · 1 bed · 1 bath,29288920,Gregg,,SECOND WARD,42.64615,-73.75966,Entire home/apt,68,2,332,2023-11-12,3.15,3,138,28,
6623339,Rental unit in Albany · ★4.73 · 1 bedroom · 1 bed · 1 bath,19648678,Terra,,SIXTH WARD,42.65222,-73.76724,Entire home/apt,140,1,305,2023-12-10,2.92,10,0,4,
7563949,Townhouse in Albany · ★4.59 · 1 bedroom · 1 bed · 2 shared baths,39656001,Urbangem,,SECOND WARD,42.64484,-73.75851,Private room,190,1,37,2023-02-19,0.41,6,365,1,
8035768,Home in Albany · ★4.76 · 3 bedrooms · 3 beds · 3.5 baths,42430824,John M,,TENTH WARD,42.66088,-73.78147,Entire home/apt,305,2,55,2023-12-29,0.54,2,365,4,
8035784,Home in Albany · ★4.61 · 1 bedroom · 1 bed · 2.5 shared baths,42430824,John M,,TENTH WARD,42.66063,-73.78115,Private room,199,3,18,2020-07-25,0.18,2,179,0,
8539096,Home in Albany · ★4.88 · 5 bedrooms · 6 beds · 5 baths,19648678,Terra,,NINTH WARD,42.65601,-73.7756,Entire home/apt,750,3,65,2022-08-16,0.66,10,365,0,
8915877,Rental unit in Albany · ★4.74 · 1 bedroom · 1 bed · 1 bath,46312980,Robert,,SECOND WARD,42.64603,-73.75986,Entire home/apt,85,3,226,2023-09-18,2.26,1,322,2,
9005989,Rental unit in Albany · ★4.79 · 1 bedroom · 2 beds · 1 bath,17766924,Sugey,,SIXTH WARD,42.65559,-73.76506,Entire home/apt,85,1,574,2023-12-17,6.36,1,0,44,
9501054,Rental unit in Albany · ★4.53 · 1 bedroom · 2 beds · 1 private bath,29288920,Gregg,,SECOND WARD,42.64734,-73.75851,Private room,61,2,363,2023-12-28,3.76,3,165,38,
10768745,Home in Albany · ★4.81 · 1 bedroom · 1 bed · 1 bath,5691268,Elizabeth,,FOURTEENTH WARD,42.66078,-73.80553,Entire home/apt,50,1,611,2023-12-16,6.34,2,163,92,
11253948,Place to stay in Albany · ★4.94 · 3 bedrooms · 6 beds · 2 baths,4259750,Peter,,FIFTEENTH WARD,42.67567,-73.82438,Entire home/apt,180,1,138,2023-12-21,1.49,9,0,21,
11639446,Home in Albany · ★4.83 · 1 bedroom · 1 bed · 1.5 shared baths,61700428,Adam,,ELEVENTH WARD,42.67583,-73.78297,Private room,47,1,229,2023-12-17,2.47,3,363,14,
12284708,Home in Albany · ★4.61 · 1 bedroom · 1 bed · 1 shared bath,36438637,Chad,,TENTH WARD,42.65912,-73.78349,Private room,45,10,61,2019-10-26,0.66,4,218,0,
12799126,Rental unit in Albany · ★4.89 · 1 bedroom · 1 bed · 1 shared bath,69729286,Musab,,SIXTH WARD,42.65154,-73.76867,Private room,50,5,27,2023-09-16,0.66,2,334,6,
13083497,Home in Albany · ★4.66 · 4 bedrooms · 4 beds · 2 baths,1364123,Akhilesh,,FIFTEENTH WARD,42.66972,-73.82753,Entire home/apt,219,2,173,2023-12-28,1.89,1,335,15,
13711253,Home in Albany · ★4.77 · 1 bedroom · 1 bed · 1.5 shared baths,61700428,Adam,,TWELFTH WARD,42.68769,-73.79664,Private room,60,2,223,2022-12-06,2.45,3,365,0,
14316232,Home in Albany · ★4.70 · 1 bedroom · 1 bed · 1 shared bath,36438637,Chad,,TENTH WARD,42.65726,-73.78219,Private room,46,10,47,2023-05-19,0.52,4,252,3,
14989805,Home in Albany · ★4.96 · 2 bedrooms · 5 beds · 2 baths,4259750,Peter,,FIFTEENTH WARD,42.673512,-73.819679,Entire home/apt,168,1,81,2023-11-22,0.93,9,358,18,
15580397,Home in Albany · ★4.71 · 1 bedroom · 1 bed · 1 shared bath,89705052,Share,,NINTH WARD,42.65651,-73.77887,Private room,60,2,38,2023-10-12,0.47,3,75,6,
16531782,Rental unit in Albany · ★4.74 · 1 bedroom · 1 bed · 1 bath,5691268,Elizabeth,,FOURTEENTH WARD,42.66075,-73.80605,Entire home/apt,67,1,333,2023-12-26,7.57,2,315,112,
17238066,Home in Albany · ★4.92 · 1 bedroom · 1 bed · 1.5 shared baths,61700428,Adam,,FIFTH WARD,42.67614,-73.78169,Private room,44,3,130,2023-09-11,1.59,3,365,2,
17514620,Home in Albany · ★4.73 · 1 bedroom · 1 bed · 1 shared bath,36438637,Chad,,TENTH WARD,42.6584,-73.78309,Private room,45,10,52,2023-12-22,0.63,4,339,7,
17552120,Home in Albany · ★4.97 · 1 bedroom · 1 bed · 2 shared baths,20738797,Aaron,,FOURTEENTH WARD,42.65729,-73.80321,Private room,62,1,32,2023-12-07,0.40,1,46,1,
18341426,Home in Albany · ★4.98 · 2 bedrooms · 3 beds · 1 bath,4259750,Peter,,FIFTEENTH WARD,42.67637,-73.82395,Entire home/apt,306,1,57,2022-06-26,0.80,9,365,0,
19527043,Rental unit in Albany · ★4.96 · 1 bedroom · 1 bed · 1 shared bath,15223767,Ed,,NINTH WARD,42.65312,-73.78161,Private room,70,1,71,2023-10-22,1.12,3,264,23,
19571496,Home in Albany · ★4.58 · 2 bedrooms · 1 bed · 1 shared bath,36438637,Chad,,TENTH WARD,42.6585,-73.78414,Private room,50,10,26,2023-12-01,0.38,4,321,3,
19663012,Townhouse in Albany · ★4.71 · 2 bedrooms · 2 beds · 2 shared baths,39656001,Urbangem,,SECOND WARD,42.6436,-73.75887,Private room,169,1,17,2021-08-28,0.22,6,180,0,
20138691,Home in Albany · ★4.95 · 1 bedroom · 1 bed · 2 shared baths,67171774,Michael And Flerida,,FOURTEENTH WARD,42.65846,-73.80201,Private room,60,4,19,2020-07-03,0.27,6,330,0,
20212108,Townhouse in Albany · ★4.60 · 1 bedroom · 7 beds · 1 private bath,39656001,Urbangem,,SECOND WARD,42.64355,-73.75712,Private room,249,2,5,2023-01-28,0.10,6,180,1,
20518708,Home in Albany · ★4.92 · 2 bedrooms · 1 bed · 2 shared baths,67171774,Michael And Flerida,,FOURTEENTH WARD,42.65846,-73.80201,Private room,80,4,12,2020-03-04,0.21,6,330,0,
20519453,Home in Albany · ★4.88 · 1 bedroom · 1 bed · 2 shared baths,67171774,Michael And Flerida,,FOURTEENTH WARD,42.65846,-73.80201,Private room,80,4,16,2020-04-24,0.23,6,330,0,
20519722,Home in Albany · ★5.0 · 2 bedrooms · 1 bed · 2 shared baths,67171774,Michael And Flerida,,FOURTEENTH WARD,42.65846,-73.80201,Private room,80,4,8,2020-08-12,0.12,6,330,0,
20519807,Home in Albany · ★4.97 · 1 bedroom · 1 bed · 2 shared baths,67171774,Michael And Flerida,,FOURTEENTH WARD,42.65846,-73.80201,Private room,60,4,32,2020-07-08,0.45,6,5,0,
20519885,Home in Albany · ★4.91 · 5 bedrooms · 6 beds · 2 baths,67171774,Michael And Flerida,,FOURTEENTH WARD,42.65846,-73.80201,Entire home/apt,275,4,90,2023-11-26,1.20,6,330,19,
20620135,Home in Albany · ★4.93 · 2 bedrooms · 4 beds · 1 bath,4259750,Peter,,FIFTEENTH WARD,42.675,-73.82382,Entire home/apt,196,1,55,2022-12-31,0.73,9,189,0,
20633175,Rental unit in Albany · ★4.91 · 1 bedroom · 2 beds · 1 bath,65414985,James,,SEVENTH WARD,42.64939,-73.76865,Entire home/apt,126,2,130,2023-05-28,1.85,2,262,2,
20671966,Home in Albany · ★4.90 · 1 bedroom · 1 bed · 1 bath,98744672,Bela,,NINTH WARD,42.65532,-73.78244,Entire home/apt,85,2,39,2023-06-01,0.51,8,162,1,
21052414,Home in Albany · ★4.75 · 1 bedroom · 1 bed · 1 shared bath,135717458,Chad,,THIRTEENTH WARD,42.66565,-73.77975,Private room,40,10,40,2023-12-08,0.59,3,334,5,
21392315,Rental unit in Albany · ★4.85 · 1 bedroom · 1 bed · 1 bath,98744672,Bela,,NINTH WARD,42.65372,-73.78244,Entire home/apt,65,2,110,2024-01-01,1.47,8,248,13,
21449583,Home in Albany · ★5.0 · 4 bedrooms · 5 beds · 1.5 baths,4259750,Peter,,FIFTEENTH WARD,42.67547,-73.82402,Entire home/apt,557,4,8,2018-07-27,0.11,9,365,0,
21752534,Rental unit in Albany · ★4.73 · 1 bedroom · 2 beds · 1 bath,152762198,Allen,,TENTH WARD,42.66045,-73.77833,Entire home/apt,75,3,153,2023-09-04,2.06,8,364,12,
21769213,Home in Albany · ★4.86 · 1 bedroom · 1 bed · 1 shared bath,135717458,Chad,,ELEVENTH WARD,42.66572,-73.77834,Private room,35,10,21,2023-11-17,0.29,3,342,3,
21769439,Home in Albany · ★4.81 · 1 bedroom · 1 bed · 1 shared bath,135717458,Chad,,ELEVENTH WARD,42.66703,-73.77842,Private room,35,10,21,2023-09-02,0.28,3,328,3,
22398196,Home in Albany · ★4.91 · 1 bedroom · 1 bed · 1 private bath,98744672,Bela,,NINTH WARD,42.65501,-73.78122,Private room,55,2,104,2023-12-23,1.43,8,247,20,
22431640,Rental unit in Albany · ★4.82 · 1 bedroom · 2 beds · 1 bath,108848737,Jake,,SEVENTH WARD,42.64717,-73.77135,Entire home/apt,87,1,428,2023-11-25,6.18,2,48,34,
24120690,Guest suite in Albany · ★4.93 · 1 bedroom · 1 bed · 1 private bath,156446839,Domini,,FOURTEENTH WARD,42.65975,-73.81196,Private room,61,2,116,2023-12-03,1.67,1,0,22,
24606880,Guest suite in Albany · ★4.92 · 1 bedroom · 1 bed · 1 private bath,98744672,Bela,,NINTH WARD,42.65431,-73.78178,Private room,60,2,39,2023-09-25,0.61,8,279,3,
24655782,Rental unit in Albany · ★4.88 · 1 bedroom · 2 beds · 1 bath,108848737,Jake,,SEVENTH WARD,42.6477,-73.7714,Entire home/apt,78,1,353,2023-12-24,5.11,2,0,51,
25549565,Guest suite in Albany · ★4.89 · 1 bedroom · 1 bed · 1 bath,9666970,Janet,,SIXTH WARD,42.65345,-73.7645,Entire home/apt,82,1,755,2023-12-21,11.11,1,0,133,
25976514,Home in Albany · ★4.92 · 1 bedroom · 1 bed · 1 shared bath,31757246,Leiba,,SIXTH WARD,42.65333,-73.77293,Private room,100,3,12,2023-07-27,0.18,1,359,1,
26139592,Rental unit in Albany · ★4.84 · 1 bedroom · 1 bed · 1 bath,6833937,Farah,,SIXTH WARD,42.65403,-73.76325,Entire home/apt,89,2,105,2023-11-13,1.59,1,0,8,
26808765,Home in Albany · ★4.82 · 3 bedrooms · 3 beds · 2 baths,19648678,Terra,,ELEVENTH WARD,42.66048,-73.77269,Entire home/apt,200,1,102,2023-07-22,1.53,10,97,4,
27670660,Rental unit in Albany · ★5.0 · 1 bedroom · 1 bed · 1 private bath,98744672,Bela,,NINTH WARD,42.6543083190918,-73.78177642822266,Private room,55,2,21,2023-09-10,0.35,8,299,16,
27692601,Home in Albany · ★4.93 · 2 bedrooms · 2 beds · 1.5 baths,202580880,Rosanne,,EIGHTH WARD,42.64514,-73.80668,Entire home/apt,195,3,14,2022-10-08,0.22,1,179,0,
28341274,Rental unit in Albany · ★4.95 · 1 bedroom · 1 bed · 1 shared bath,54394342,Alice,,SIXTH WARD,42.65821,-73.76917,Private room,75,1,59,2023-12-16,0.92,1,276,22,
28400263,Rental unit in Albany · ★4.95 · 1 bedroom · 1 bed · 1 shared bath,15223767,Ed,,NINTH WARD,42.65464,-73.78348,Private room,50,1,241,2023-12-14,3.85,3,261,30,
28519423,Home in Albany · ★4.68 · 1 bedroom · 1 bed · 1 shared bath,89705052,Share,,TENTH WARD,42.65746,-73.77904,Private room,57,2,57,2023-10-02,0.90,3,86,13,
28722270,Loft in Albany · ★4.80 · 1 bedroom · 2 beds · 1 bath,44434571,Earl,,SECOND WARD,42.64535,-73.75365,Entire home/apt,74,1,606,2023-12-27,9.73,6,0,36,
28868857,Guest suite in Albany · ★4.70 · 1 bedroom · 1 bed · 1 bath,44434571,Earl,,SECOND WARD,42.64535,-73.75365,Entire home/apt,61,1,529,2023-12-30,8.58,6,319,72,
28929840,Home in Albany · ★5.0 · Studio · 1 bed · 1 private bath,194113768,Rachel,,FOURTH WARD,42.6737,-73.75313,Private room,95,1,6,2023-05-27,0.09,1,164,1,
29605579,Serviced apartment in Albany · ★4.64 · 1 bedroom · 1 bed · 1 bath,19648678,Terra,,SIXTH WARD,42.65235,-73.76714,Entire home/apt,120,2,88,2023-09-04,1.40,10,281,8,
30189794,Home in Albany · ★4.94 · 1 bedroom · 1 bed · 1 private bath,98744672,Bela,,NINTH WARD,42.6533,-73.78114,Private room,55,2,62,2023-09-08,1.03,8,0,12,
32279028,Home in Albany · ★4.96 · 1 bedroom · 1 bed · 1.5 shared baths,172223381,Diana,,EIGHTH WARD,42.64936,-73.80278,Private room,55,1,194,2023-12-03,3.27,2,7,41,
32450400,Home in Albany · 2 bedrooms · 2 beds · 1 shared bath,97330032,Sherrell,,FOURTH WARD,42.6761,-73.73825,Private room,122,3,0,,,1,180,0,
32993402,Rental unit in Albany · ★4.67 · 2 bedrooms · 2 beds · 1 bath,44434571,Earl,,SECOND WARD,42.64563,-73.75311,Entire home/apt,95,1,404,2023-12-26,6.91,6,196,39,
33558235,Rental unit in Albany · ★4.75 · 2 bedrooms · 2 beds · 1 bath,44434571,Earl,,SECOND WARD,42.64585,-73.75297,Entire home/apt,94,1,395,2023-12-01,6.88,6,301,51,
34330970,Rental unit in Albany · ★4.74 · 2 bedrooms · 4 beds · 1 bath,232967878,Diana,,SECOND WARD,42.64335,-73.7579,Entire home/apt,142,1,238,2023-12-22,4.27,19,0,52,
35793179,Home in Albany · ★4.98 · 1 bedroom · 1 bed · 1 shared bath,15223767,Ed,,SEVENTH WARD,42.65259,-73.78223,Private room,50,1,149,2023-12-12,2.72,3,251,56,
35914565,Rental unit in Albany · ★4.79 · 1 bedroom · 1 bed · 1 bath,232967878,Diana,,SECOND WARD,42.64506,-73.75727,Entire home/apt,100,1,254,2023-12-03,4.63,19,78,60,
36443605,Rental unit in Albany · ★4.80 · 2 bedrooms · 2 beds · 1 bath,188679144,Elizabeth,,THIRTEENTH WARD,42.66619,-73.79031,Entire home/apt,110,2,50,2023-09-15,0.92,8,365,3,
38321579,Home in Albany · ★4.98 · 1 bedroom · 1 bed · 1.5 shared baths,172223381,Diana,,EIGHTH WARD,42.65085,-73.80239,Private room,55,1,281,2024-01-04,5.34,2,143,97,
39093517,Rental unit in Albany · ★4.81 · 2 bedrooms · 1 bed · 1 bath,299638115,Dominick,,SIXTH WARD,42.65507,-73.76138,Entire home/apt,151,4,36,2023-08-25,0.72,3,356,2,
39698576,Rental unit in Albany · ★4.50 · 1 bedroom · 1 bed · 1 bath,188679144,Elizabeth,,NINTH WARD,42.65483,-73.78033,Entire home/apt,85,5,24,2023-12-19,0.47,8,357,3,
39836487,Rental unit in Albany · ★4.63 · Studio · 1 bed · 1 bath,306508346,Adem,,SIXTH WARD,42.65547,-73.7651,Entire home/apt,78,1,240,2023-12-10,4.73,2,68,68,
39864828,Rental unit in Albany · ★4.94 · 2 bedrooms · 2 beds · 1 bath,10313615,Matthew,,FOURTH WARD,42.66091,-73.74285,Entire home/apt,213,1,221,2023-10-20,4.55,1,250,33,
39873571,Rental unit in Albany · ★4.65 · 2 bedrooms · 2 beds · 1 bath,306508346,Adem,,THIRD WARD,42.65682,-73.76298,Entire home/apt,78,1,139,2023-08-30,7.35,2,206,69,
40491172,Rental unit in Albany · ★4.89 · 2 bedrooms · 3 beds · 1 bath,152762198,Allen,,THIRTEENTH WARD,42.66827,-73.79231,Entire home/apt,95,3,99,2023-12-26,1.99,8,354,18,
40828178,Home in Albany · ★4.99 · 1 bedroom · 2 beds · 1 bath,47491906,Lloyd,,FOURTH WARD,42.67773,-73.73899,Entire home/apt,109,1,166,2023-08-07,3.43,1,351,6,
41319631,Home in Albany · ★5.0 · 2 bedrooms · 2 beds · 1.5 baths,59864591,Daniel,,SIXTH WARD,42.65115,-73.7668,Entire home/apt,92,30,4,2023-01-06,0.12,1,0,1,
42009788,Rental unit in Albany · ★4.73 · 2 bedrooms · 2 beds · 1 bath,188679144,Elizabeth,,SIXTH WARD,42.65315,-73.76202,Entire home/apt,110,7,21,2023-12-30,0.44,8,0,6,
42092736,Home in Albany · ★4.90 · 1 bedroom · 1 bed · 1 shared bath,41400541,John,,FOURTEENTH WARD,42.66403,-73.81446,Private room,45,1,128,2023-12-24,2.71,1,170,46,
42389085,Rental unit in Albany · 1 bedroom · 2 beds · 1 bath,121680792,Evolve,,THIRD WARD,42.6557,-73.75085,Entire home/apt,91,2,1,2020-03-07,0.02,6,340,0,
42391372,Rental unit in Albany · ★3.96 · 3 bedrooms · 3 beds · 1 bath,121680792,Evolve,,SECOND WARD,42.6469,-73.75761,Entire home/apt,178,3,27,2022-10-27,0.63,6,361,0,
42567833,Rental unit in Albany · 3 bedrooms · 3 beds · 1 bath,339085327,Arkady,,NINTH WARD,42.65567,-73.7854,Entire home/apt,200,70,0,,,1,365,0,
42763847,Home in Albany · ★4.79 · 3 bedrooms · 3 beds · 1.5 baths,649068,Anthony,,FIRST WARD,42.63876,-73.78535,Entire home/apt,139,1,92,2023-12-31,2.04,1,112,23,
42878766,Townhouse in Albany · ★New · 2 bedrooms · 5 beds · 1 bath,341431807,Rakee,,FIRST WARD,42.630857812281384,-73.77276296062956,Entire home/apt,115,1,1,2023-12-18,1,1,270,1,
43208391,Rental unit in Albany · ★4.81 · 2 bedrooms · 2 beds · 1 bath,272907816,Angela,,SECOND WARD,42.64453,-73.75426,Entire home/apt,120,2,78,2023-10-30,1.95,4,85,13,
43253591,Rental unit in Albany · ★4.59 · 2 bedrooms · 2 beds · 1 bath,29288920,Gregg,,THIRD WARD,42.65746,-73.74932,Entire home/apt,76,2,33,2023-12-11,0.76,3,0,23,
43459803,Rental unit in Albany · ★5.0 · 1 bedroom · 2 beds · 1 bath,299638115,Dominick,,SIXTH WARD,42.65556,-73.76205,Entire home/apt,175,4,14,2023-10-10,0.40,3,280,3,
43736299,Home in Albany · ★4.86 · 3 bedrooms · 3 beds · 1 bath,349460842,Scott,,TENTH WARD,42.66257,-73.78281,Entire home/apt,165,1,107,2023-12-03,2.51,5,363,27,
43955950,Home in Albany · ★4.90 · 3 bedrooms · 3 beds · 1 bath,232967878,Diana,,EIGHTH WARD,42.64383,-73.78926,Entire home/apt,245,2,66,2023-10-08,1.55,19,0,20,
44180048,Rental unit in Albany · ★4.98 · Studio · 2 beds · 1 bath,355777684,Lloyd,,SIXTH WARD,42.65935,-73.76805,Entire home/apt,99,1,318,2023-12-27,7.52,3,353,73,
44265426,Rental unit in Albany · ★4.99 · 1 bedroom · 2 beds · 1 bath,355777684,Lloyd,,SIXTH WARD,42.66006,-73.76966,Entire home/apt,119,1,280,2023-12-25,6.70,3,349,57,
44450012,Rental unit in Albany · ★4.82 · 2 bedrooms · 2 beds · 1 bath,353498132,Michael,,EIGHTH WARD,42.64808,-73.7996,Entire home/apt,135,13,22,2023-12-21,0.54,5,293,3,
45024912,Rental unit in Albany · ★4.95 · 1 bedroom · 1 bed · 1 bath,362851072,Elsa,,FOURTEENTH WARD,42.66132,-73.7956,Entire home/apt,119,1,118,2023-10-09,2.88,1,0,21,
45074220,Guest suite in Albany · ★4.66 · 1 bedroom · 1 bath,272907816,Angela,,SECOND WARD,42.64454,-73.75369,Entire home/apt,97,2,29,2023-10-09,1.03,4,88,7,
45313545,Rental unit in Albany · ★4.71 · 1 bedroom · 2 beds · 1 bath,165293595,Kori,,NINTH WARD,42.6545,-73.78223,Entire home/apt,87,2,99,2023-11-19,2.53,1,144,39,
45528939,Rental unit in Albany · ★4.57 · 1 bedroom · 2 beds · 1 bath,47625981,Linda,,SECOND WARD,42.64801,-73.75668,Entire home/apt,120,1,83,2023-11-30,2.32,15,347,28,
45529316,Rental unit in Albany · ★4.75 · 1 bedroom · 1 bed · 1 bath,47625981,Linda,,SECOND WARD,42.64821,-73.75793,Entire home/apt,120,1,92,2023-11-19,2.57,15,0,25,
45529447,Rental unit in Albany · ★4.68 · 2 bedrooms · 2 beds · 1 bath,47625981,Linda,,SECOND WARD,42.64713,-73.75628,Entire home/apt,140,1,116,2023-10-23,3.26,15,0,32,
45804322,Home in Albany · ★4.97 · 1 bedroom · 1 bed · 2 baths,124848440,Emilie,,TENTH WARD,42.66137,-73.7904,Private room,73,1,137,2023-11-30,3.49,1,87,61,
46894493,Home in Albany · ★4.98 · 2 bedrooms · 2 beds · 1 bath,69789449,Dan,,NINTH WARD,42.65311,-73.78525,Entire home/apt,175,1,192,2023-12-25,5.41,1,284,56,
47334913,Rental unit in Albany · ★4.90 · 2 bedrooms · 2 beds · 1 bath,152762198,Allen,,THIRTEENTH WARD,42.66646,-73.79184,Entire home/apt,94,2,58,2023-12-20,1.62,8,356,21,
47345872,Rental unit in Albany · ★4.43 · 1 bedroom · 1 bed · 1 bath,19648678,Terra,,SIXTH WARD,42.65345,-73.76663,Entire home/apt,140,2,40,2023-09-03,1.13,10,361,13,
47408047,Rental unit in Albany · ★4.88 · 1 bedroom · 1 bed · 1 bath,152762198,Allen,,FOURTEENTH WARD,42.67156,-73.80883,Entire home/apt,88,3,41,2024-01-02,1.17,8,345,16,
47440071,Home in Albany · ★4.96 · 1 bedroom · 1 bed · 1 private bath,382970529,Thomas,,THIRTEENTH WARD,42.6692,-73.79849,Private room,107,1,113,2023-12-19,3.13,10,0,45,
47828453,Rental unit in Albany · ★4.40 · 2 bedrooms · 3 beds · 1 bath,299638115,Dominick,,THIRD WARD,42.656,-73.76123,Entire home/apt,171,4,15,2022-09-07,0.42,3,365,0,
47902629,Rental unit in Albany · ★5.0 · 2 bedrooms · 2 beds · 2 baths,21886921,David,,THIRTEENTH WARD,42.66744,-73.79216,Entire home/apt,125,14,7,2024-01-01,0.21,2,298,1,
47943571,Rental unit in Albany · ★4.86 · 1 bedroom · 2 beds · 1 bath,385664127,Dillon,,THIRD WARD,42.6511808672392,-73.75273894471623,Entire home/apt,96,1,124,2024-01-01,3.52,2,326,43,
48052353,Home in Albany · ★4.76 · 3 bedrooms · 4 beds · 1 bath,349460842,Scott,,TENTH WARD,42.66261,-73.78332,Entire home/apt,198,1,140,2023-12-18,3.97,5,341,30,
48124042,Rental unit in Albany · ★4.89 · 2 bedrooms · 3 beds · 1 bath,385664127,Dillon,,THIRD WARD,42.64981845378106,-73.75090228127745,Entire home/apt,117,1,163,2024-01-04,5.54,2,192,51,
48172884,Home in Albany · ★4.91 · 1 bedroom · 1 bed · 1 shared bath,98744672,Bela,,NINTH WARD,42.65399,-73.78126,Private room,45,2,45,2024-01-01,1.30,8,344,18,
48470454,Home in Albany · ★4.93 · 5 bedrooms · 5 beds · 5.5 baths,4259750,Peter,,THIRTEENTH WARD,42.66526412963867,-73.78692626953125,Entire home/apt,595,2,29,2023-12-03,1.63,9,0,23,
48599533,Rental unit in Albany · ★4.78 · 1 bedroom · 1 bed · 1 bath,392074908,Jerry,,SIXTH WARD,42.65429,-73.75986,Entire home/apt,88,2,89,2023-09-14,3.03,6,347,22,
48694228,Home in Albany · ★4.64 · 3 bedrooms · 3 beds · 1 bath,392833833,Mary,,TWELFTH WARD,42.67763,-73.79168,Entire home/apt,125,2,14,2022-08-28,0.42,2,179,0,
49635449,Boutique hotel in Albany · ★4.56 · Studio · 1 bed · 1 private bath,19648678,Terra,,SIXTH WARD,42.65848,-73.77436,Private room,200,1,18,2023-08-05,0.58,10,104,2,
49875164,Boutique hotel in Albany · ★4.20 · 1 bedroom · 1 bed · 1 private bath,19648678,Terra,,SIXTH WARD,42.65933,-73.77275,Private room,200,1,5,2022-10-30,0.16,10,104,0,
49886937,Rental unit in Albany · Studio · 1 bed · 0 shared baths,219746338,Nicola,,FOURTH WARD,42.65854,-73.74926,Shared room,45,1,0,,,1,358,0,
50088935,Condo in Albany · ★5.0 · 2 bedrooms · 3 beds · 1 bath,172658781,Jessica,,THIRTEENTH WARD,42.66972,-73.79544,Entire home/apt,95,60,4,2022-11-30,0.14,2,358,0,
50171851,Rental unit in Albany · ★4.99 · 1 bedroom · 1 bed · 1 bath,48490017,Todd,,SIXTH WARD,42.65157,-73.76546,Entire home/apt,109,2,136,2023-12-31,4.66,1,203,56,
50207226,Rental unit in Albany · ★4.87 · 1 bedroom · 2 beds · 1 bath,47625981,Linda,,FOURTH WARD,42.65888,-73.74673,Entire home/apt,115,1,68,2023-11-01,2.17,15,0,17,
50211226,Rental unit in Albany · ★4.97 · 1 bedroom · 2 beds · 1 bath,105597161,Jake & Kate,,ELEVENTH WARD,42.66034,-73.77163,Entire home/apt,97,2,142,2023-12-30,5.78,1,243,70,
50354540,Rental unit in Albany · ★4.56 · 2 bedrooms · 2 beds · 1 bath,188679144,Elizabeth,,SIXTH WARD,42.65333,-73.76402,Entire home/apt,100,3,9,2023-08-13,0.29,8,336,5,
50639032,Home in Albany · ★4.92 · 1 bedroom · 1 bed · 1 shared bath,172539578,David Yisrael,,FIFTEENTH WARD,42.67945,-73.81647,Private room,63,3,36,2023-08-28,1.30,3,125,6,
50890336,Rental unit in Albany · ★4.62 · 1 bedroom · 1 bed · 1 bath,47625981,Linda,,FOURTH WARD,42.65901,-73.74748,Entire home/apt,120,1,39,2023-10-08,1.31,15,348,11,
51230498,Aparthotel in Albany · ★4.79 · 1 bedroom · 1 bed · 1 bath,414738935,Sonya,,THIRD WARD,42.66064,-73.76074,Entire home/apt,74,1,201,2023-11-30,6.73,1,0,68,
51461480,Rental unit in Albany · ★4.95 · 1 bedroom · 1 bed · 1 bath,416799784,Rosie,,TENTH WARD,42.65969,-73.77564,Entire home/apt,93,7,21,2023-03-31,0.78,1,154,1,
51503537,Rental unit in Albany · ★4.29 · 1 bedroom · 1 bed · 1 bath,394420519,All Seasons,,THIRD WARD,42.65061,-73.75006,Entire home/apt,105,4,7,2023-02-23,0.25,1,180,1,
51560588,Rental unit in Albany · ★4.64 · Studio · 1 bed · 1 bath,392074908,Jerry,,SIXTH WARD,42.65431,-73.75997,Entire home/apt,85,365,42,2023-09-10,1.44,6,348,5,
51579900,Rental unit in Albany · ★4.79 · 1 bedroom · 1 bed · 1 bath,47625981,Linda,,FOURTH WARD,42.65856,-73.74866,Entire home/apt,115,1,63,2023-10-01,2.16,15,350,22,
51592836,Rental unit in Albany · ★4.72 · 1 bedroom · 1 bed · 1 bath,60293220,David,,THIRD WARD,42.65812,-73.74941,Entire home/apt,75,3,68,2023-12-18,2.49,3,356,26,
51710034,Condo in Albany · ★4.50 · 1 bedroom · 1 bed · 1 bath,392074908,Jerry,,SIXTH WARD,42.65269,-73.76076,Entire home/apt,88,2,32,2023-11-12,1.11,6,353,11,
51960331,Rental unit in Albany · ★4.90 · 1 bedroom · 1 bed · 1 bath,418024477,Marlene,,SECOND WARD,42.64684,-73.75614,Entire home/apt,125,1,77,2023-08-20,2.75,1,173,13,
51964868,Rental unit in Albany · ★4.63 · 1 bedroom · 1 bed · 1 bath,392074908,Jerry,,SIXTH WARD,42.65442,-73.7611,Entire home/apt,88,2,51,2023-10-08,1.81,6,0,12,
52042995,Home in Albany · ★4.48 · 1 bedroom · 1 bed · 1 shared bath,160832560,Luke,,FIFTEENTH WARD,42.67643,-73.82903,Private room,40,2,21,2023-11-12,0.82,1,344,8,
52152157,Townhouse in Albany · ★4.92 · 2 bedrooms · 2 beds · 1 bath,152762198,Allen,,FIRST WARD,42.63066,-73.77357,Entire home/apt,99,3,48,2023-12-17,1.73,8,168,18,
52225409,Home in Albany · ★4.74 · 3 bedrooms · 3 beds · 1 bath,207800855,Iris,,TWELFTH WARD,42.68553,-73.79716,Entire home/apt,97,1,41,2023-12-30,1.55,3,0,27,
52241973,Guest suite in Albany · ★4.92 · Studio · 1 bed · 1 bath,35465673,Jason,,SIXTH WARD,42.65641,-73.76413,Entire home/apt,93,1,192,2023-12-12,7.09,1,0,78,
52301345,Townhouse in Albany · ★4.25 · 1 bedroom · 2 beds · 1.5 shared baths,49100926,Clyde,,SIXTH WARD,42.65934,-73.76966,Private room,100,2,4,2022-08-16,0.18,4,364,0,
52359404,Home in Albany · ★4.94 · 3 bedrooms · 3 beds · 1 bath,207800855,Iris,,FIFTEENTH WARD,42.67044,-73.82573,Entire home/apt,94,1,77,2024-01-03,2.82,3,358,37,
52360097,Rental unit in Albany · ★4.80 · 1 bedroom · 1 bed · 1 bath,392074908,Jerry,,SIXTH WARD,42.65386,-73.75958,Entire home/apt,88,2,63,2023-10-27,2.27,6,0,9,
52569714,Rental unit in Albany · ★4.80 · 1 bedroom · 1 bed · 1.5 baths,232967878,Diana,,SECOND WARD,42.64186,-73.75868,Entire home/apt,135,1,51,2023-12-03,1.87,19,90,17,
52611613,Home in Albany · ★4.95 · 3 bedrooms · 3 beds · 1 bath,232967878,Diana,,NINTH WARD,42.65674,-73.79221,Entire home/apt,185,2,95,2023-12-21,3.51,19,90,40,
52615364,Rental unit in Albany · ★5.0 · 1 bedroom · 2 beds · 1 bath,416465867,Chris,,THIRD WARD,42.65069,-73.75193,Entire home/apt,65,30,20,2022-03-27,0.74,1,154,0,
52619545,Rental unit in Albany · ★4.87 · 2 bedrooms · 2 beds · 1 bath,232967878,Diana,,THIRTEENTH WARD,42.67181,-73.79543,Entire home/apt,125,2,68,2023-12-08,2.49,19,90,27,
52691284,Home in Albany · ★4.96 · 5 bedrooms · 7 beds · 2.5 baths,232967878,Diana,,TENTH WARD,42.66236,-73.79245,Entire home/apt,600,2,55,2023-11-24,2.03,19,0,18,
52836323,Rental unit in Albany · ★4.85 · 2 bedrooms · 2 beds · 1 bath,232967878,Diana,,THIRTEENTH WARD,42.67131,-73.7921,Entire home/apt,145,1,53,2023-11-26,2.14,19,0,29,
52837196,Rental unit in Albany · ★4.73 · 1 bedroom · 1 bed · 1 bath,47625981,Linda,,FOURTH WARD,42.65812,-73.74837,Entire home/apt,115,1,56,2023-10-29,2.09,15,364,18,
52863776,Rental unit in Albany · ★4.99 · 1 bedroom · 2 beds · 1 bath,355777684,Lloyd,,SIXTH WARD,42.65826,-73.76944,Entire home/apt,109,1,140,2023-12-31,5.24,3,339,62,
52923647,Vacation home in Albany · 3 bedrooms · 2 beds · 2 baths,428451585,Erwin,,EIGHTH WARD,42.64792,-73.79953,Entire home/apt,250,3,0,,,1,365,0,
53115382,Home in Albany · ★4.59 · 1 bedroom · 2 beds · 1 bath,207800855,Iris,,FIFTEENTH WARD,42.67004,-73.82367,Entire home/apt,88,2,27,2023-05-24,1.04,3,0,3,
53312101,Rental unit in Albany · ★4.80 · 1 bedroom · 1 bed · 1 bath,232967878,Diana,,SECOND WARD,42.64369,-73.7581,Entire home/apt,97,1,40,2023-12-01,1.54,19,82,26,
53483727,Vacation home in Albany · ★4.96 · 4 bedrooms · 4 beds · 1.5 baths,433096110,Brian,,FOURTEENTH WARD,42.65824,-73.80114,Entire home/apt,196,1,96,2023-12-28,3.92,3,245,36,
53567589,Rental unit in Albany · ★4.90 · 1 bedroom · 1 bed · 1 bath,433096110,Brian,,SIXTH WARD,42.65204,-73.76655,Entire home/apt,99,1,170,2023-12-31,6.75,3,344,73,
53645427,Rental unit in Albany · ★4.63 · 2 bedrooms · 2 beds · 2 baths,47625981,Linda,,FOURTH WARD,42.65913,-73.74722,Entire home/apt,150,1,72,2023-11-06,2.86,15,360,31,
53860077,Cottage in Albany · ★5.0 · 4 bedrooms · 4 beds · 1 bath,4259750,Peter,,FIFTEENTH WARD,42.674675,-73.822861,Entire home/apt,224,1,16,2023-11-18,0.73,9,344,8,
53971505,Rental unit in Albany · ★5.0 · 1 bedroom · 1 bed · 1 bath,60293220,David,,FOURTH WARD,42.65873,-73.7494,Entire home/apt,75,13,3,2022-12-31,0.13,3,365,0,
54097694,Place to stay in Albany · 1 bed · Half-bath,438504176,Roland,,SECOND WARD,42.64683,-73.75662,Entire home/apt,300,1,0,,,1,365,0,
54126420,Home in Albany · ★4.79 · 1 bedroom · 1 bed · 1 bath,37769478,Erion,,TENTH WARD,42.66261,-73.79026,Entire home/apt,72,1,61,2023-12-20,3.19,8,358,22,
54126421,Townhouse in Albany · ★4.96 · 1 bedroom · 1 bed · 1 bath,37769478,Erion,,SIXTH WARD,42.65422,-73.76996,Entire home/apt,106,1,53,2023-11-21,2.44,8,347,25,
54126427,Townhouse in Albany · ★4.90 · 1 bedroom · 1 bed · 1 bath,37769478,Erion,,SIXTH WARD,42.65403,-73.77056,Entire home/apt,111,1,99,2023-09-01,4.07,8,310,3,
54128829,Townhouse in Albany · ★4.99 · 2 bedrooms · 5 beds · 2 baths,265709295,Richard & Priscela,,SIXTH WARD,42.65594,-73.76591,Entire home/apt,173,1,181,2023-12-29,7.92,1,0,85,
54150131,Townhouse in Albany · ★4.98 · 3 bedrooms · 4 beds · 2 baths,432936385,Jared,,SIXTH WARD,42.65155,-73.765,Entire home/apt,145,1,111,2024-01-01,5.06,1,297,76,
54232383,Rental unit in Albany · ★4.80 · 2 bedrooms · 2 beds · 1 bath,272907816,Angela,,SECOND WARD,42.64459,-73.75392,Entire home/apt,125,2,5,2022-11-06,0.31,4,5,0,
54369238,Townhouse in Albany · ★4.87 · 2 bedrooms · 2 beds · 1.5 baths,152762198,Allen,,NINTH WARD,42.65578,-73.78641,Entire home/apt,99,3,31,2023-12-25,1.99,8,93,23,
54369240,Rental unit in Albany · ★4.85 · 1 bedroom · 1 bed · 1 bath,152762198,Allen,,TENTH WARD,42.65905,-73.77964,Entire home/apt,79,2,33,2023-12-22,1.67,8,362,23,
514347748300866729,Rental unit in Albany · ★4.96 · 1 bedroom · 1 bed · 1 bath,166246610,Shawn,,THIRD WARD,42.65742,-73.74985,Entire home/apt,95,4,27,2023-12-15,1.10,2,88,11,
552126406812197546,Townhouse in Albany · ★4.75 · 1 bedroom · 1 bed · 1 shared bath,49100926,Clyde,,SIXTH WARD,42.65902,-73.7701,Private room,110,2,4,2023-01-20,0.17,4,364,1,
553840513283735966,Townhouse in Albany · ★4.50 · 1 bedroom · 1 bed · 1 shared bath,49100926,Clyde,,SIXTH WARD,42.6595,-73.76938,Private room,100,2,4,2023-07-02,0.18,4,364,2,
554082470790988493,Townhouse in Albany · ★4.67 · 1 bedroom · 1 bed · 1.5 shared baths,49100926,Clyde,,SIXTH WARD,42.6598,-73.76995,Private room,100,2,6,2022-10-02,0.26,4,363,0,
559249822516788574,Rental unit in Albany · 1 bedroom · 2 beds · 1 bath,433884293,Uniah,,NINTH WARD,42.66062,-73.79112,Entire home/apt,75,6,2,2023-06-26,0.14,1,363,1,
563711706943869398,Rental unit in Albany · ★4.83 · 3 bedrooms · 3 beds · 1 bath,4259750,Peter,,THIRTEENTH WARD,42.66919,-73.78672,Entire home/apt,266,2,6,2022-12-24,0.26,9,365,0,
565171585673492875,Serviced apartment in Albany · ★4.77 · 1 bedroom · 1 bed · 1 bath,232967878,Diana,,SECOND WARD,42.64342,-73.75742,Entire home/apt,120,1,64,2023-12-10,2.80,19,0,31,
581057744765912905,Loft in Albany · ★4.65 · Studio · 1 bed · 1 bath,47625981,Linda,,THIRD WARD,42.65848,-73.76359,Entire home/apt,115,1,36,2023-11-01,1.64,15,0,18,
588298411730694861,Rental unit in Albany · ★5.0 · 1 bedroom · 1 bed · 1 bath,353498132,Michael,,SECOND WARD,42.64441,-73.75647,Entire home/apt,110,13,9,2023-12-15,0.48,5,167,4,
593272120497643087,Home in Albany · ★4.99 · 1 bedroom · 2 beds · 1 private bath,382970529,Thomas,,THIRTEENTH WARD,42.66911,-73.79869,Private room,96,1,76,2023-12-22,4.14,10,0,59,
594826539132503237,Rental unit in Albany · ★4.84 · Studio · 2 beds · 1 bath,232967878,Diana,,SECOND WARD,42.64252,-73.75688,Entire home/apt,119,1,67,2023-12-03,3.12,19,0,40,
610090811367811938,Rental unit in Albany · ★4.93 · 2 bedrooms · 3 beds · 1 bath,40548251,Reyana,,NINTH WARD,42.652049,-73.7949665,Entire home/apt,100,2,28,2024-01-01,2.00,1,347,22,
617242073954595468,Rental unit in Albany · ★4.92 · 1 bedroom · 1 bed · 1 bath,433096110,Brian,,SIXTH WARD,42.65353,-73.7679,Entire home/apt,99,1,96,2023-12-28,4.73,3,336,52,
618673322156725003,Loft in Albany · ★5.0 · 2 bedrooms · 2 beds · 1 bath,2554853,Nim,,SIXTH WARD,42.655479431152344,-73.76625061035156,Entire home/apt,71,4,5,2023-11-25,0.35,1,221,4,
619695112394148331,Rental unit in Albany · ★5.0 · 1 bedroom · 1 bed · 1 bath,353498132,Michael,,SECOND WARD,42.64489,-73.75731,Entire home/apt,120,13,5,2023-08-03,0.28,5,249,2,
620480926228934988,Home in Albany · ★4.67 · 2 bedrooms · 3 beds · 1.5 baths,457678547,Najeem Adegbemiga,,SEVENTH WARD,42.640217,-73.780815,Entire home/apt,120,2,12,2023-12-23,0.72,1,363,6,
621960198566758900,Home in Albany · ★5.0 · 5 bedrooms · 1 bed · 3.5 baths,382970529,Thomas,,FOURTEENTH WARD,42.66762,-73.79919,Entire home/apt,1209,1,7,2023-12-28,0.39,10,241,2,
623102454293479631,Condo in Albany · ★4.54 · 1 bedroom · 2 beds · 1 bath,1176120,Julia,,THIRD WARD,42.65723,-73.75684,Entire home/apt,99,1,121,2023-11-05,6.02,3,83,66,
623454291327573992,Rental unit in Albany · ★4.69 · 3 bedrooms · 3 beds · 1 bath,249258548,Umer,,SEVENTH WARD,42.64372,-73.78426,Entire home/apt,137,2,25,2023-11-24,1.25,4,0,7,
625346918039601608,Rental unit in Albany · ★4.95 · 1 bedroom · 2 beds · 1 bath,12742779,Kathryn,,SIXTH WARD,42.65347,-73.7662,Entire home/apt,99,1,170,2024-01-04,8.82,1,306,111,
625350562676461315,Rental unit in Albany · ★4.90 · 1 bedroom · 1 bed · 1 shared bath,249258548,Umer,,SEVENTH WARD,42.64318,-73.78386,Private room,53,4,10,2023-07-14,0.50,4,179,3,
625361790254590926,Rental unit in Albany · ★5.0 · 1 bedroom · 1 bed · 1 shared bath,249258548,Umer,,SEVENTH WARD,42.64242,-73.78536,Private room,53,4,12,2023-08-02,0.62,4,179,6,
627627418709458036,Rental unit in Albany · ★4.67 · 1 bedroom · 1 bed · 1 shared bath,249258548,Umer,,SEVENTH WARD,42.64198,-73.78413,Private room,53,4,6,2023-07-26,0.31,4,179,2,
628163387057233327,Rental unit in Albany · ★4.75 · 1 bedroom · 1 bed · 1 bath,47625981,Linda,,SECOND WARD,42.64528,-73.75861,Entire home/apt,120,1,36,2023-10-29,1.87,15,364,24,
628824127129967353,Rental unit in Albany · 2 bedrooms · 2 beds · 1 private bath,7164949,Jordan,,THIRD WARD,42.66169974831227,-73.76466827605744,Private room,68,2,0,,,1,88,0,
631035244220396236,Rental unit in Albany · ★4.65 · 1 bedroom · 1 bed · 1 bath,47625981,Linda,,SECOND WARD,42.64558,-73.75928,Entire home/apt,115,1,40,2023-10-30,2.04,15,282,25,
631778545710518995,Rental unit in Albany · ★4.55 · 3 bedrooms · 3 beds · 1 bath,272907816,Angela,,SECOND WARD,42.645252,-73.753433,Entire home/apt,140,2,10,2023-11-26,0.93,4,0,10,
634108143238179968,Rental unit in Albany · ★4.96 · 3 bedrooms · 3 beds · 1 bath,119340359,Lori,,SIXTH WARD,42.65323,-73.76797,Entire home/apt,113,2,74,2023-09-04,3.82,1,131,43,
636902252641496970,Home in Albany · ★4.86 · 3 bedrooms · 3 beds · 1 shared bath,376794541,Neha,,ELEVENTH WARD,42.6635364,-73.77782359999999,Private room,48,10,21,2023-08-16,1.18,1,365,9,
637104152785938471,Rental unit in Albany · ★4.40 · 2 bedrooms · 2 beds · 1 bath,1176120,Julia,,THIRD WARD,42.65802,-73.756165,Entire home/apt,108,1,119,2024-01-01,6.13,3,0,75,
642909221333428607,Rental unit in Albany · ★5.0 · 1 bedroom · 1 bed · 1 bath,462767507,Joshua,,SIXTH WARD,42.65427,-73.76455,Entire home/apt,75,3,24,2024-01-02,1.37,4,358,18,
646570081594519710,Condo in Albany · 2 bedrooms · 1 bath,172658781,Jessica,,THIRTEENTH WARD,42.66897,-73.79653,Entire home/apt,100,30,0,,,2,45,0,
649973892551492641,Rental unit in Albany · ★4.60 · Studio · 1 bed · 1 bath,353498132,Michael,,SECOND WARD,42.64625,-73.75663,Entire home/apt,89,14,5,2023-08-05,0.30,5,187,2,
652889455649176778,Rental unit in Albany · ★4.61 · 2 bedrooms · 3 beds · 2 baths,426253886,Aggie,,SECOND WARD,42.64595,-73.76196,Entire home/apt,93,1,44,2023-12-10,2.56,3,329,26,
653433851241162365,Rental unit in Albany · 1 bedroom · 1 bed · 1 bath,1761578,Grant,,SIXTH WARD,42.65389,-73.76538,Entire home/apt,130,2,1,2023-03-20,0.10,1,90,1,
654302747324294105,Rental unit in Albany · ★4.69 · 1 bedroom · 1 bed · 1 bath,47625981,Linda,,FOURTH WARD,42.65752,-73.74743,Entire home/apt,115,1,36,2023-10-01,2.01,15,289,23,
656759629828215245,Rental unit in Albany · 1 bedroom · 5 beds · 1 bath,39656001,Urbangem,,SECOND WARD,42.64493,-73.75725,Entire home/apt,275,5,0,,,6,365,0,
657130517248738038,Rental unit in Albany · ★5.0 · 1 bedroom · 1 bed · 1 bath,166246610,Shawn,,THIRD WARD,42.65795,-73.75092,Entire home/apt,101,4,13,2023-10-11,0.74,2,268,9,
658638185191740358,Home in Albany · ★5.0 · 3 bedrooms · 3 beds · 1 bath,466389096,Patrice,,FIRST WARD,42.6374547,-73.7716647,Entire home/apt,159,5,5,2023-09-22,0.28,3,252,3,
659271804492363811,Rental unit in Albany · ★New · 1 bedroom · 2 beds · 1 bath,188046954,Jonathan,,SIXTH WARD,42.65808212736162,-73.7700095188376,Entire home/apt,,3,0,,,1,269,0,
662132809952482192,Home in Albany · 4 bedrooms · 3 beds · 1.5 baths,466389096,Patrice,,FIRST WARD,42.6382401,-73.7719405,Entire home/apt,139,5,1,2022-07-15,0.06,3,359,0,
667644674529935702,Rental unit in Albany · ★4.95 · 1 bedroom · 2 beds · 1 bath,439560254,Sean,,SIXTH WARD,42.65541380925019,-73.76367520540953,Entire home/apt,118,2,60,2023-12-11,3.42,1,0,41,
668608096674070882,Home in Albany · ★5.0 · 1 bedroom · 1 bed · 1.5 shared baths,382970529,Thomas,,FOURTEENTH WARD,42.66758,-73.7992,Private room,81,1,87,2023-12-29,4.82,10,0,58,
668608486588067880,Home in Albany · ★4.92 · 1 bedroom · 1 bed · 1.5 shared baths,382970529,Thomas,,FOURTEENTH WARD,42.66764,-73.79908,Private room,83,1,75,2023-12-20,4.16,10,0,49,
669022371438086634,Home in Albany · 3 bedrooms · 5 beds · 1 bath,468871633,Wayne,,FIFTH WARD,42.66381,-73.75919,Entire home/apt,125,7,2,2022-12-22,0.13,1,279,0,
677623197606854496,Rental unit in Albany · ★4.86 · 2 bedrooms · 2 beds · 1 bath,203631769,Johnny,,SECOND WARD,42.64531,-73.75963,Entire home/apt,65,2,28,2023-09-29,1.66,1,151,12,
677763754609430189,Townhouse in Albany · ★4.91 · 3 bedrooms · 3 beds · 1 bath,471187792,Romel,,THIRTEENTH WARD,42.6694413,-73.79749410000001,Entire home/apt,142,1,53,2023-12-03,3.07,1,0,32,
681937608147268080,Rental unit in Albany · 1 bedroom · 1 bed · 1 bath,466389096,Patrice,,FIRST WARD,42.63716,-73.77227,Entire home/apt,60,7,0,,,3,318,0,
681952268271889535,Vacation home in Albany · 2 bedrooms · 2 beds · 1 bath,461579260,Md,,SECOND WARD,42.646896,-73.757612,Entire home/apt,140,1,2,2023-08-20,0.19,3,126,2,
682687626408133288,Rental unit in Albany · ★4.80 · 4 bedrooms · 4 beds · 2 baths,232967878,Diana,,TENTH WARD,42.66172,-73.78497,Entire home/apt,179,1,78,2023-12-13,4.50,19,0,56,
684100173908872919,Condo in Albany · ★4.40 · 1 bedroom · 2 beds · 1 bath,1176120,Julia,,THIRD WARD,42.65732,-73.75676,Entire home/apt,99,1,73,2023-11-13,4.20,3,86,52,
685516018052013053,Rental unit in Albany · ★4.60 · 1 bedroom · 1 bed · 1 bath,392074908,Jerry,,SEVENTH WARD,42.64759,-73.77049,Entire home/apt,99,2,5,2023-08-27,0.29,6,364,2,
686478674118732790,Home in Albany · ★4.78 · 1 bedroom · 1 bed · 1 shared bath,442491470,Brigid,,TENTH WARD,42.6629848,-73.78153499999999,Private room,50,5,9,2023-05-26,0.53,4,356,2,
687496906843024117,Vacation home in Albany · ★3.25 · 3 bedrooms · 3 beds · 1 bath,461579260,Md,,SECOND WARD,42.64621,-73.75723,Entire home/apt,170,1,4,2023-05-28,0.26,3,126,2,
688355255688353452,Vacation home in Albany · ★4.08 · 3 bedrooms · 4 beds · 1 bath,461579260,Md,,SECOND WARD,42.646896,-73.757612,Entire home/apt,169,1,12,2023-07-26,0.70,3,0,6,
689719338468663432,Condo in Albany · ★4.89 · 1 bedroom · 1 bed · 1 bath,1717342,David,,SIXTH WARD,42.654057650371506,-73.76071299629517,Entire home/apt,97,1,138,2024-01-02,8.18,2,237,117,
691212803264918638,Home in Albany · ★4.81 · 2 bedrooms · 2 beds · 1.5 baths,474507921,Hyacinth,,TENTH WARD,42.66344638300454,-73.78874121586915,Private room,50,1,21,2023-04-09,1.30,1,0,5,
692807914756117019,Rental unit in Albany · ★4.87 · 1 bedroom · 1 bed · 1 bath,67337944,Rabia,,ELEVENTH WARD,42.6623,-73.777,Entire home/apt,105,1,60,2023-12-23,4.81,1,0,58,
695129027343234397,Home in Albany · ★5.0 · 1 bedroom · 1 bed · 1 bath,130759460,Kelsey,,EIGHTH WARD,42.64971,-73.80079,Entire home/apt,200,4,7,2023-08-26,0.49,1,0,3,
700172695352977293,Home in Albany · ★4.36 · 1 bedroom · 1 bed · 1.5 shared baths,442491470,Brigid,,ELEVENTH WARD,42.66247,-73.77469,Private room,34,3,14,2023-12-08,0.85,4,343,7,
705312408533801686,Home in Albany · 1 bedroom · 1 bed · 1.5 shared baths,442491470,Brigid,,TENTH WARD,42.66046,-73.77375,Private room,40,5,1,2023-11-10,0.52,4,339,1,
705660262559003663,Rental unit in Albany · ★5.0 · 1 bedroom · 1 bed · 1 bath,353498132,Michael,,SECOND WARD,42.64577,-73.7583,Entire home/apt,110,13,3,2023-08-13,0.24,5,328,2,
708040907580174096,Home in Albany · ★4.50 · 1 bedroom · 1 bed · 2 shared baths,478008190,Edward,,FOURTEENTH WARD,42.66008,-73.79816,Private room,27,30,4,2023-08-16,0.31,3,317,3,
708060437684762754,Home in Albany · 1 bedroom · 1 bed · 2 shared baths,478008190,Edward,,FOURTEENTH WARD,42.659297007542705,-73.79720147699118,Private room,27,30,2,2023-05-23,0.14,3,331,1,
708067736362606372,Home in Albany · ★3.50 · 1 bedroom · 1 bed · 2 shared baths,478008190,Edward,,FOURTEENTH WARD,42.65935889426801,-73.7972692027688,Private room,27,30,4,2023-08-05,0.29,3,364,3,
708148232281445824,Rental unit in Albany · ★4.71 · 2 bedrooms · 2 beds · 1 bath,426253886,Aggie,,SECOND WARD,42.64638,-73.76146,Entire home/apt,91,1,34,2023-12-11,2.21,3,349,29,
714335368144257108,Rental unit in Albany · 1 bedroom · 1 bed · 1 shared bath,9318285,Mesut,,TENTH WARD,42.65893,-73.78437,Private room,50,2,1,2022-09-22,0.06,1,352,0,
717373135846408345,Rental unit in Albany · ★5.0 · 2 bedrooms · 2 beds · 1 bath,232967878,Diana,,THIRTEENTH WARD,42.6732,-73.79199,Entire home/apt,135,2,29,2023-12-03,2.00,19,88,23,
723956857052424266,Home in Albany · ★4.93 · 4 bedrooms · 4 beds · 2 baths,10279606,Nori,,NINTH WARD,42.65691,-73.78389,Entire home/apt,198,1,112,2023-12-29,8.08,1,0,97,
724566770267420045,Rental unit in Albany · ★5.0 · 1 bedroom · 1 bed · 1 bath,360287870,Mela,,SIXTH WARD,42.6513719,-73.7673156,Entire home/apt,115,2,17,2023-12-29,4.05,1,343,17,
729131709113603445,Rental unit in Albany · ★4.87 · 1 bedroom · 1 bed · 1 bath,481974689,Lucy,,THIRD WARD,42.65103,-73.7574,Entire home/apt,,3,23,2023-04-29,1.52,1,0,8,
733964865705013296,Rental unit in Albany · 1 bedroom · 1 bed · 1 bath,502037254,Andrew,,SIXTH WARD,42.65035,-73.76549,Entire home/apt,68,14,1,2023-03-26,0.10,1,310,1,
735879623743921266,Rental unit in Albany · ★4.83 · 1 bedroom · 1 bed · 1 bath,44434571,Earl,,THIRD WARD,42.64564,-73.75261,Entire home/apt,85,1,29,2023-12-21,2.01,6,345,26,
736122518072082645,Rental unit in Albany · ★4.50 · 2 bedrooms · 4 beds · 1.5 baths,121680792,Evolve,,SIXTH WARD,42.65245,-73.76294,Entire home/apt,204,2,8,2023-07-09,0.56,6,145,4,
736893992132754814,Rental unit in Albany · 1 bedroom · 1 bed · 1 shared bath,77367219,Elizabeth,,SIXTH WARD,42.65643,-73.76402,Private room,60,30,2,2022-11-28,0.14,1,246,0,
737574278276037589,Rental unit in Albany · ★4.72 · 4 bedrooms · 4 beds · 1 bath,232967878,Diana,,TENTH WARD,42.66069,-73.78555,Entire home/apt,185,1,31,2023-10-23,2.21,19,0,28,
739722503092755616,Home in Albany · ★4.95 · 1 bedroom · 1 bed · 1 shared bath,98744672,Bela,,NINTH WARD,42.6543178,-73.7818222,Private room,45,2,19,2023-12-16,1.31,8,355,17,
743600140734706394,Rental unit in Albany · ★4.75 · 1 bedroom · 1 bed · 1 bath,484673863,Blossom Estates,,NINTH WARD,42.65569,-73.77685,Entire home/apt,99,1,4,2023-01-26,0.32,2,319,2,
744430701454304507,Rental unit in Albany · ★5.0 · 1 bedroom · 1 bed · 1 bath,65414985,James,,SEVENTH WARD,42.6496,-73.76792,Entire home/apt,81,2,9,2023-12-30,1.01,2,262,9,
746385432544422794,Home in Albany · ★4.67 · 1 bedroom · 1 bed · 1.5 shared baths,442491470,Brigid,,TENTH WARD,42.66054,-73.77447,Private room,34,4,6,2023-11-30,0.76,4,174,6,
751421033442627559,Rental unit in Albany · ★4.92 · 2 bedrooms · 2 beds · 1 bath,486073806,Keneisha,,FIFTH WARD,42.66648,-73.76831,Entire home/apt,91,2,12,2023-10-22,1.12,1,0,12,
752118894541630543,Condo in Albany · ★4.91 · 2 bedrooms · 2 beds · 1 bath,258664571,Vorakij,,SECOND WARD,42.64439384900326,-73.75975701534425,Entire home/apt,140,2,31,2023-12-17,2.95,2,0,31,
752337379205662422,Condo in Albany · ★4.83 · 2 bedrooms · 2 beds · 1 bath,258664571,Vorakij,,SECOND WARD,42.6444412,-73.75971410000001,Entire home/apt,138,2,23,2023-12-28,2.59,2,359,23,
756752556396798800,Rental unit in Albany · ★5.0 · 1 bedroom · 1 bed · 1 shared bath,69729286,Musab,,SIXTH WARD,42.65259,-73.76732,Private room,50,3,12,2023-11-10,0.97,2,175,11,
757342235277207834,Rental unit in Albany · ★5.0 · 1 bedroom · 1 bed · 1 bath,188679144,Elizabeth,,SIXTH WARD,42.65534,-73.76461,Entire home/apt,70,7,9,2023-09-30,0.66,8,350,7,
757978037279611051,Rental unit in Albany · ★4.95 · 2 bedrooms · 2 beds · 1 bath,232967878,Diana,,THIRTEENTH WARD,42.67348,-73.7934,Entire home/apt,128,2,21,2023-12-03,1.99,19,0,21,
761141715827746314,Rental unit in Albany · ★4.95 · 1 bedroom · 1 bed · 1 bath,37769478,Erion,,SIXTH WARD,42.65405,-73.76953,Entire home/apt,117,1,20,2023-10-22,1.55,8,276,17,
764508866835218670,Home in Albany · ★5.0 · 1 bedroom · 1 bed · 1 shared bath,6203319,Melissa,,TENTH WARD,42.66117,-73.79091,Private room,75,1,8,2023-11-05,0.60,3,78,7,
774701102203414342,Home in Albany · ★4.85 · 1 bedroom · 1 bed · 1 bath,261036923,Hasan,,FOURTEENTH WARD,42.6601,-73.80719,Entire home/apt,60,1,33,2023-12-04,2.67,1,249,31,
775645647912379518,Home in Albany · ★4.82 · 2 bedrooms · 2 beds · 2 baths,115597810,Massi,,SIXTH WARD,42.6518469,-73.7642072,Entire home/apt,127,2,22,2023-12-31,1.76,1,116,20,
777068997424722137,Rental unit in Albany · ★4.79 · 1 bedroom · 1 bed · 1 bath,442094566,Queen,,THIRD WARD,42.65725,-73.75065,Entire home/apt,98,1,33,2024-01-05,2.67,1,0,31,
778175939353231150,Bed and breakfast in Albany · 1 bedroom · 2 beds · 1 private bath,19648678,Terra,,NINTH WARD,42.65664,-73.77556,Private room,130,1,1,2023-06-13,0.14,10,143,1,
778188747833047454,Bed and breakfast in Albany · ★4.75 · 1 bedroom · 1 bed · 1 private bath,19648678,Terra,,NINTH WARD,42.65561,-73.77613,Private room,130,1,4,2023-10-08,0.45,10,144,4,
782849454465952994,Rental unit in Albany · ★4.89 · 1 bedroom · 1 bed · 1 bath,491607190,Abba,,SIXTH WARD,42.65183,-73.76594,Entire home/apt,110,1,9,2023-08-05,0.73,6,26,8,
784781397995494758,Home in Albany · ★4.64 · 1 bedroom · 1 bed · 1 private bath,491907850,Donna,,FOURTEENTH WARD,42.66298,-73.81361,Private room,60,1,11,2023-10-20,1.01,1,83,11,
786181179052991690,Rental unit in Albany · 1 bedroom · 1 bed · 1 bath,188679144,Elizabeth,,THIRD WARD,42.65653,-73.76223,Entire home/apt,74,1,2,2023-10-08,0.40,8,351,2,
786196811078165173,Home in Albany · ★4.78 · 5 bedrooms · 5 beds · 3.5 baths,444163492,Drasana,,FOURTH WARD,42.67996,-73.75352,Entire home/apt,536,2,9,2024-01-02,0.85,1,333,9,
786228331433922432,Rental unit in Albany · 1 bedroom · 1 bed · 1 bath,188679144,Elizabeth,,SIXTH WARD,42.65322,-73.76249,Entire home/apt,80,7,1,2023-10-02,0.31,8,357,1,
786316043239579100,Rental unit in Albany · ★4.74 · 1 bedroom · 1 bed · 1 bath,253824490,Tomar & Kash,,FIFTH WARD,42.6591503133547,-73.75431932508945,Entire home/apt,95,2,31,2023-12-13,2.75,1,245,31,
787023821243442039,Home in Albany · ★4.92 · 3 bedrooms · 4 beds · 2 baths,349460842,Scott,,FOURTEENTH WARD,42.6653,-73.7943,Entire home/apt,190,1,37,2023-12-21,3.54,5,0,37,
788301415655396660,Rental unit in Albany · ★4.89 · 2 bedrooms · 2 beds · 1.5 baths,232967878,Diana,,SECOND WARD,42.64324,-73.75732,Entire home/apt,150,1,37,2023-12-03,2.99,19,0,36,
793223286704705121,Rental unit in Albany · ★5.0 · 1 bedroom · 1 bed · 1 bath,462767507,Joshua,,SIXTH WARD,42.65489,-73.77061,Entire home/apt,102,3,11,2023-12-02,1.00,4,281,11,
794723189688979530,Rental unit in Albany · ★4.33 · 3 bedrooms · 3 beds · 1 bath,20144241,Carla,,FIFTH WARD,42.67283,-73.77367,Entire home/apt,104,3,6,2023-11-21,0.80,1,115,6,
795541666227926706,Bed and breakfast in Albany · 7 bedrooms · 8 beds · 7 baths,493882819,Terra,,NINTH WARD,42.656329,-73.7752048,Private room,779,1,1,2023-08-13,0.20,6,99,1,
796231143904004713,Bed and breakfast in Albany · ★5.0 · 1 bedroom · 1 bed · 1 private bath,493882819,Terra,,NINTH WARD,42.65582,-73.77541,Private room,122,1,5,2023-10-27,0.89,6,358,5,
796983497677050358,Rental unit in Albany · ★4.31 · 1 bedroom · 1 bed · 1 bath,18760261,Shane,,NINTH WARD,42.6538578,-73.7855281,Entire home/apt,86,3,13,2023-11-23,1.34,1,199,13,
797455132224782470,Home in Albany · ★4.90 · 1 bedroom · 1 bed · 1 shared bath,89705052,Share,,TENTH WARD,42.65741,-73.78034,Private room,60,2,10,2023-11-17,0.87,3,86,10,
798448539017629897,Rental unit in Albany · 1 bedroom · 1 bed · 1 bath,222612368,Patrick,,SIXTH WARD,42.65315,-73.77012,Entire home/apt,80,30,2,2023-05-18,0.21,1,364,2,
798715218269100922,Rental unit in Albany · ★4.83 · 1 bedroom · 1 bed · 1 bath,491607190,Abba,,SIXTH WARD,42.65038,-73.76664,Entire home/apt,115,1,5,2023-12-11,0.45,6,0,5,
801365637253057708,Home in Albany · ★4.67 · 3 bedrooms · 5 beds · 1 bath,121680792,Evolve,,THIRTEENTH WARD,42.66958,-73.79722,Entire home/apt,132,2,9,2023-08-27,0.85,6,341,9,
802216634798169031,Bed and breakfast in Albany · ★4.0 · 1 bedroom · 1 bed · 1 private bath,493882819,Terra,,SIXTH WARD,42.65751,-73.77409,Private room,122,1,4,2023-11-24,0.78,6,352,4,
803581476246206291,Rental unit in Albany · ★3.40 · 1 bedroom · 1 bed · 1 bath,23490148,Fran,,TENTH WARD,42.6601122,-73.7754681,Entire home/apt,120,1,5,2023-10-22,0.42,1,279,5,
803604897479679272,Rental unit in Albany · 3 bedrooms · 3 beds · 2 baths,21886921,David,,FOURTEENTH WARD,42.66691,-73.79338,Entire home/apt,125,14,1,2023-06-20,0.15,2,257,1,
803814397190632412,Bed and breakfast in Albany · ★4.67 · 1 bedroom · 2 beds · 1 private bath,493882819,Terra,,NINTH WARD,42.656329,-73.775205,Private room,122,1,3,2023-08-27,0.53,6,353,3,
803867986023966300,Bed and breakfast in Albany · ★4.25 · 1 bedroom · 1 bed · 1 private bath,493882819,Terra,,NINTH WARD,42.656329,-73.775205,Private room,122,1,4,2023-07-28,0.69,6,353,4,
805896945977358156,Rental unit in Albany · ★4.56 · 2 bedrooms · 2 beds · 1 bath,496444061,Diana,,THIRD WARD,42.65588,-73.75332,Entire home/apt,95,1,54,2023-12-22,5.02,1,168,54,
806767523952124375,Home in Albany · ★4.65 · 2 bedrooms · 2 beds · 2 baths,110453341,Alexis,,FIFTH WARD,42.6684126,-73.7684199,Entire home/apt,103,1,20,2023-11-26,1.75,1,249,20,
812481224035365997,Rental unit in Albany · ★4.97 · 2 bedrooms · 2 beds · 1 bath,266096073,Caroline,,THIRTEENTH WARD,42.67239,-73.79418,Entire home/apt,87,3,29,2023-12-06,2.69,1,52,29,
813640070361665090,Rental unit in Albany · ★4.80 · 1 bedroom · 1 bed · 1 shared bath,116935236,Fs,,THIRTEENTH WARD,42.67143614564987,-73.79032550419785,Private room,45,2,10,2023-12-31,1.91,4,364,10,
816085193659797849,Rental unit in Albany · ★4.60 · 1 bedroom · 1 bed · 1 bath,37769478,Erion,,SIXTH WARD,42.65258,-73.76917,Entire home/apt,89,1,25,2023-12-11,2.25,8,334,25,
817160514282672518,Townhouse in Albany · 1 bedroom · 1 bed · 1 bath,121680792,Evolve,,TENTH WARD,42.66011,-73.77547,Entire home/apt,101,2,0,,,6,281,0,
821566342267452838,Home in Albany · ★5.0 · 1 bedroom · 1 bed · 1 private bath,177073982,Cristian,,FOURTEENTH WARD,42.66109,-73.80479,Private room,55,2,3,2023-11-30,0.29,2,248,3,
823275570359807298,Townhouse in Albany · 3 bedrooms · 3 beds · 1 bath,500360485,Manjano,,SIXTH WARD,42.65184046237008,-73.77073690770652,Entire home/apt,,2,0,,,1,0,0,
826301775871257033,Rental unit in Albany · ★4.73 · 2 bedrooms · 2 beds · 1 bath,484673863,Blossom Estates,,NINTH WARD,42.65613,-73.77469,Entire home/apt,113,1,15,2023-09-03,1.40,2,350,15,
831122937768017113,Home in Albany · ★4.95 · 5 bedrooms · 5 beds · 2 baths,68750004,Tiffany,,FIFTEENTH WARD,42.67076,-73.82612,Entire home/apt,200,2,43,2023-12-27,4.29,1,233,43,
841524382518312215,Rental unit in Albany · 2 bedrooms · 2 beds · 1 bath,462042479,Natasha,,SIXTH WARD,42.66007584297136,-73.76976949435519,Entire home/apt,110,2,1,2023-09-04,0.24,2,361,1,
841524433909352403,Rental unit in Albany · ★4.50 · 2 bedrooms · 2 beds · 1 bath,462042479,Natasha,,SIXTH WARD,42.65987,-73.77025,Entire home/apt,110,2,11,2023-12-03,1.71,2,0,11,
843481456379840308,Rental unit in Albany · 3 bedrooms · 2 beds · 1 bath,188679144,Elizabeth,,SIXTH WARD,42.65481,-73.76352,Entire home/apt,90,1,2,2023-09-04,0.21,8,365,2,
845960193409947556,Home in Albany · ★4.95 · 4 bedrooms · 5 beds · 2 baths,268741708,Nanette,,FIRST WARD,42.63504,-73.79833,Entire home/apt,231,2,43,2024-01-04,4.48,1,91,43,
846586211673806912,Rental unit in Albany · ★4.60 · 3 bedrooms · 3 beds · 2 baths,49372011,Phil,,TWELFTH WARD,42.67336,-73.78619,Entire home/apt,175,3,10,2023-10-07,1.12,2,361,10,
850173470105833039,Townhouse in Albany · ★4.98 · 1 bedroom · 2 beds · 1 private bath,120815848,Phat,,SECOND WARD,42.6446,-73.75885,Private room,90,1,61,2023-12-29,6.65,1,334,61,
850653820133738660,Home in Albany · ★5.0 · 1 bedroom · 1 bed · 1.5 shared baths,20536619,Emily,,THIRTEENTH WARD,42.67177,-73.79464,Private room,52,5,5,2023-11-03,0.94,2,144,5,
855336679720071303,Rental unit in Albany · ★4.75 · 1 bedroom · 2 beds · 1 bath,186074828,Blake,,SECOND WARD,42.6457663,-73.7586141,Entire home/apt,85,1,28,2023-12-03,3.08,1,88,28,
857981934159027424,Rental unit in Albany · ★4.73 · 1 bedroom · 1 bed · 1 bath,60293220,David,,THIRD WARD,42.65817,-73.74935,Entire home/apt,78,3,11,2023-12-16,1.45,3,365,11,
870292500281763717,Rental unit in Albany · ★4.63 · 1 bedroom · 2 beds · 1 bath,510191554,He,,FOURTEENTH WARD,42.66947,-73.81607,Entire home/apt,79,1,48,2023-12-17,5.48,1,0,48,
870457209918967324,Home in Albany · 1 bedroom · 1 bed · 1 private bath,177073982,Cristian,,FOURTEENTH WARD,42.66128,-73.80548,Private room,55,3,1,2023-10-01,0.31,2,0,1,
879054943124868639,Home in Albany · 1 bedroom · 1 bed · 1 shared bath,24423279,Leslie,,FOURTEENTH WARD,42.66065,-73.80439,Private room,199,7,0,,,1,218,0,
880290989870286099,Rental unit in Albany · ★4.83 · 3 bedrooms · 3 beds · 2 baths,49372011,Phil,,ELEVENTH WARD,42.67355,-73.78496,Entire home/apt,175,2,18,2023-11-27,2.27,2,179,18,
881231954286264195,Rental unit in Albany · ★5.0 · 1 bedroom · 1 bed · 1 bath,37769478,Erion,,SIXTH WARD,42.65379,-73.76901,Entire home/apt,117,1,8,2023-06-13,0.96,8,247,8,
882229561343619620,Rental unit in Albany · ★4.85 · 1 bedroom · 1 bed · 1 bath,512736975,Miguelino,,TENTH WARD,42.6599733,-73.7747433,Entire home/apt,72,2,26,2023-12-03,3.33,1,177,26,
887167811237271928,Rental unit in Albany · ★4.85 · 1 bedroom · 2 beds · 1 shared bath,459472925,Gabriel,,THIRD WARD,42.66246,-73.76576,Private room,45,1,13,2023-09-16,1.81,2,363,13,
887179061681202083,Rental unit in Albany · ★4.82 · 1 bedroom · 1 bed · 1.5 baths,459472925,Gabriel,,THIRD WARD,42.6628771,-73.76534029999999,Private room,45,1,11,2023-09-15,1.42,2,343,11,
888859204851381094,Rental unit in Albany · ★5.0 · 2 bedrooms · 3 beds · 1 bath,121680792,Evolve,,THIRD WARD,42.6573,-73.7521,Entire home/apt,127,2,3,2023-08-27,0.39,6,361,3,
897797666103863249,Home in Albany · ★5.0 · 2 bedrooms · 2 beds · 1 bath,37769478,Erion,,TENTH WARD,42.66215778253739,-73.79234533756971,Entire home/apt,139,1,8,2023-11-12,1.18,8,362,8,
898743867240851780,Home in Albany · ★4.86 · 5 bedrooms · 6 beds · 2 baths,516414095,Rashawn,,TENTH WARD,42.66087,-73.78655,Entire home/apt,204,2,27,2023-12-22,4.01,1,0,27,
902166216060824525,Rental unit in Albany · ★4.85 · 2 bedrooms · 2 beds · 1 bath,47625981,Linda,,SEVENTH WARD,42.64787,-73.76707,Entire home/apt,155,1,20,2023-11-23,2.97,15,353,20,
902326803627859755,Home in Albany · 1 bedroom · 1 bed · 1 shared bath,349460842,Scott,,TENTH WARD,42.66174,-73.78325,Private room,63,90,0,,,5,232,0,
904392960639597224,Rental unit in Albany · ★5.0 · 1 bedroom · 2 beds · 2 baths,4259750,Peter,,THIRTEENTH WARD,42.6652959,-73.7868778,Entire home/apt,333,2,7,2023-10-09,1.00,9,180,7,
905007131419044966,Home in Albany · ★4.88 · 4 bedrooms · 4 beds · 1 bath,349460842,Scott,,TENTH WARD,42.66217,-73.78299,Entire home/apt,185,1,17,2023-12-28,2.88,5,357,17,
910155617642317638,Home in Albany · 1 bedroom · 1 bed · 1 shared bath,6203319,Melissa,,TENTH WARD,42.66292,-73.7909,Private room,,1,1,2023-07-26,0.18,3,0,1,
917510613914219375,Home in Albany · ★4.86 · 1 bedroom · 1 bed · 1 shared bath,6203319,Melissa,,TENTH WARD,42.66261,-73.79158,Private room,72,1,7,2023-12-03,1.15,3,89,7,
917639722733180899,Rental unit in Albany · ★4.80 · 2 bedrooms · 3 beds · 1 bath,471810429,Maria,,SEVENTH WARD,42.651937304486545,-73.78593011701557,Entire home/apt,170,1,68,2023-12-28,10.30,2,0,68,
919055506310955442,Rental unit in Albany · 1 bedroom · 1 bed · 1 bath,502751555,Grace,,FIFTH WARD,42.67292,-73.7776,Private room,93,1,0,,,1,365,0,
919729008458872053,Home in Albany · ★5.0 · 1 bedroom · 1 bed · 1 shared bath,382446799,Elizabeth,,NINTH WARD,42.6559529,-73.7807478,Private room,33,1,5,2023-12-28,1.02,2,359,5,
921076441920995839,Rental unit in Albany · 1 bedroom · 1 bed · 1 bath,521669673,Kody,,THIRD WARD,42.6586,-73.75743,Entire home/apt,80,7,2,2023-09-07,0.40,1,269,2,
922634062451094710,Rental unit in Albany · 2 bedrooms · 2 beds · 1 bath,260986425,Connie,,NINTH WARD,42.65483722729842,-73.79149618599958,Entire home/apt,114,6,1,2023-08-14,0.21,1,0,1,
924826301876268684,Home in Albany · ★5.0 · 1 bedroom · 2 beds · 1 shared bath,382446799,Elizabeth,,NINTH WARD,42.654965911269095,-73.78021704609974,Private room,44,1,6,2023-09-18,1.01,2,359,6,
928948908785846870,Rental unit in Albany · ★5.0 · 1 bedroom · 2 beds · 1 bath,441054845,Thaddeus,,THIRTEENTH WARD,42.6695423,-73.79606439999999,Entire home/apt,68,1,12,2023-12-19,2.22,1,106,12,
932618854176539492,Rental unit in Albany · ★5.0 · 1 bedroom · 1 bed · 1 bath,232967878,Diana,,THIRTEENTH WARD,42.672943350526445,-73.79225342780366,Entire home/apt,125,1,5,2023-09-03,0.86,19,364,5,
932642358896439621,Rental unit in Albany · ★4.90 · 2 bedrooms · 2 beds · 1 bath,232967878,Diana,,THIRTEENTH WARD,42.67132410762948,-73.79247186675903,Entire home/apt,150,1,10,2023-12-03,1.79,19,358,10,
934035097653060273,Bed and breakfast in Albany · ★4.0 · 1 bedroom · 1 bed · 1 bath,493882819,Terra,,SIXTH WARD,42.656549255922755,-73.77433674199318,Private room,122,1,3,2023-09-02,0.55,6,360,3,
934744844940967492,Rental unit in Albany · 2 bedrooms · 2 beds · 1 bath,456511812,Evolve,,SIXTH WARD,42.65506,-73.76401,Entire home/apt,96,2,0,,,1,0,0,
937837897631191844,Hotel in Albany · 1 bedroom · 1 bed · 1 bath,526358730,Argus,,SIXTH WARD,42.658672199777634,-73.77478693204898,Private room,128,1,1,2023-09-03,0.24,12,338,1,
937838302933205871,Hotel in Albany · 1 bedroom · 1 bed · 1 bath,526358730,Argus,,ELEVENTH WARD,42.6606,-73.77284,Private room,128,1,1,2023-10-08,0.33,12,338,1,
937871330299571029,Rental unit in Albany · ★4.87 · 2 bedrooms · 3 beds · 1 bath,471810429,Maria,,SEVENTH WARD,42.65184,-73.78582,Entire home/apt,170,1,52,2023-12-28,10.26,2,344,52,
937917144482762419,Hotel in Albany · ★4.75 · 1 bedroom · 1 bed · 1 bath,526358730,Argus,,TENTH WARD,42.659082586070085,-73.77455698333637,Private room,128,1,4,2023-10-24,0.82,12,356,4,
937927979762952955,Hotel in Albany · 1 bedroom · 1 bed · 1 bath,526358730,Argus,,TENTH WARD,42.66043,-73.77432,Private room,128,1,0,,,12,354,0,
937935210290408974,Hotel in Albany · 1 bedroom · 1 bed · 1 bath,526358730,Argus,,SIXTH WARD,42.65846944486231,-73.77272373106814,Private room,128,1,1,2023-10-22,0.39,12,350,1,
937943638262956751,Hotel in Albany · 1 bedroom · 1 bed · 1 bath,526358730,Argus,,SIXTH WARD,42.65908020134226,-73.77325860057209,Private room,162,1,0,,,12,346,0,
937959604296602771,Hotel in Albany · 1 bedroom · 1 bed · 1 bath,526358730,Argus,,TENTH WARD,42.66003431746541,-73.77320091698593,Private room,250,1,0,,,12,349,0,
937966967490420635,Hotel in Albany · 1 bedroom · 1 bed · 1 bath,526358730,Argus,,SIXTH WARD,42.658565440198664,-73.77439829468118,Private room,162,1,0,,,12,344,0,
938260134617291567,Hotel in Albany · 1 bedroom · 1 bed · 1 bath,526358730,Argus,,SIXTH WARD,42.658926587547136,-73.77448006832087,Private room,162,1,0,,,12,347,0,
938266199766701429,Hotel in Albany · 1 bedroom · 1 bed · 1 bath,526358730,Argus,,TENTH WARD,42.660367202946986,-73.77326955672677,Private room,162,1,0,,,12,350,0,
938271786418327576,Hotel in Albany · 1 bedroom · 1 bed · 1 bath,526358730,Argus,,SIXTH WARD,42.65868261789235,-73.77332643473149,Private room,250,1,0,,,12,355,0,
938280419686165005,Guesthouse in Albany · ★5.0 · 3 bedrooms · 4 beds · 2 baths,526358730,Argus,,TENTH WARD,42.660362531234114,-73.77290224418863,Entire home/apt,307,1,4,2023-12-03,0.79,12,327,4,
938421117122010799,Home in Albany · ★4.88 · 1 bedroom · 1 bed · 1 shared bath,116935236,Fs,,ELEVENTH WARD,42.6708367,-73.7853116,Private room,45,1,8,2023-11-30,1.45,4,365,8,
938431811499141903,Home in Albany · ★5.0 · 1 bedroom · 1 bed · 1 shared bath,116935236,Fs,,THIRTEENTH WARD,42.669735657513975,-73.78610658197474,Private room,40,2,3,2023-12-29,0.54,4,360,3,
938475906652462790,Rental unit in Albany · 2 bedrooms · 2 beds · 1 bath,132766782,Kelly,,TWELFTH WARD,42.673982043290124,-73.7912638431355,Entire home/apt,110,3,0,,,1,260,0,
940012438497375577,Home in Albany · 1 bedroom · 1 bed · 1 private bath,172539578,David Yisrael,,FIFTEENTH WARD,42.68001107488553,-73.81705995884008,Private room,71,2,2,2023-10-02,0.44,3,39,2,
942329036354117336,Rental unit in Albany · ★5.0 · 2 bedrooms · 2 beds · 1 bath,491607190,Abba,,FOURTEENTH WARD,42.65801,-73.80049,Entire home/apt,115,1,3,2023-10-01,0.73,6,0,3,
942355055662538072,Rental unit in Albany · 1 bedroom · 1 bed · 1 bath,491607190,Abba,,FOURTEENTH WARD,42.657984040044035,-73.80128215056936,Private room,95,1,1,2023-08-07,0.20,6,5,1,
942750363293463100,Home in Albany · ★New · 1 bedroom · 1 bed · 2 baths,116935236,Fs,,ELEVENTH WARD,42.67033901962889,-73.78509801171585,Private room,50,2,0,,,4,264,0,
943344283913343832,Home in Albany · 4 bedrooms · 12 beds · 2 baths,39656001,Urbangem,,SECOND WARD,42.642978050189676,-73.75701914464297,Entire home/apt,399,1,0,,,6,365,0,
943359292008970578,Home in Albany · 4 bedrooms · 10 beds · 2 baths,39656001,Urbangem,,SECOND WARD,42.64424112276753,-73.75675302182465,Entire home/apt,599,2,0,,,6,365,0,
950211425725610511,Rental unit in Albany · ★4.90 · 2 bedrooms · 2 beds · 1 bath,1717342,David,,SIXTH WARD,42.6541815,-73.76086049999999,Entire home/apt,112,1,38,2023-12-31,8.09,2,0,38,
950613505102507073,Home in Albany · 3 bedrooms · 4 beds · 2 baths,529844022,Shirin,,FIRST WARD,42.63855425549474,-73.76927029173929,Entire home/apt,185,1,0,,,1,269,0,
956423465030072969,Rental unit in Albany · ★5.0 · 1 bedroom · 1 bed · 1 bath,491607190,Abba,,TENTH WARD,42.66000843071908,-73.77397295619353,Entire home/apt,105,1,8,2023-11-01,1.70,6,0,8,
957914480227791276,Home in Albany · ★4.96 · 2 bedrooms · 2 beds · 2 baths,217254883,Ermenita,,NINTH WARD,42.6549886,-73.79390939999999,Entire home/apt,113,1,27,2024-01-03,5.74,1,328,27,
958199983873241221,Home in Albany · 1 bedroom · 2 beds · 1 bath,172539578,David Yisrael,,FIFTEENTH WARD,42.678962799458816,-73.81724461913109,Entire home/apt,118,3,1,2023-11-24,0.68,3,65,1,
961998123616790842,Rental unit in Albany · ★4.67 · 1 bedroom · 1 bed · 1 bath,491607190,Abba,,SIXTH WARD,42.655862861204575,-73.76206230663061,Entire home/apt,105,1,2,2023-11-14,0.86,6,0,2,
963920695464462572,Rental unit in Albany · ★4.86 · 1 bedroom · 1 bed · 1 bath,189586864,Justin,,SIXTH WARD,42.65240863051438,-73.77002141071337,Entire home/apt,89,1,7,2023-12-28,1.60,1,346,7,
966287799980701967,Rental unit in Albany · ★5.0 · 2 bedrooms · 2 beds · 1 bath,374765317,Tanjin,,FIFTEENTH WARD,42.67059398561849,-73.81678288145305,Entire home/apt,98,3,3,2023-10-07,0.87,1,174,3,
971129128316810875,Rental unit in Albany · ★4.58 · 2 bedrooms · 1 bath,535042691,Chadell,,THIRD WARD,42.65679550669701,-73.75335661522755,Entire home/apt,108,1,11,2023-12-17,3.30,1,0,11,
977732791678350126,Rental unit in Albany · 2 bedrooms · 2 beds · 2 baths,440217250,James,,THIRD WARD,42.65393539999999,-73.7513252,Entire home/apt,129,180,0,,,1,118,0,
980034348801186320,Rental unit in Albany · ★5.0 · 2 bedrooms · 3 beds · 1 bath,241123402,JShing,,SIXTH WARD,42.65312775001394,-73.76950465142727,Entire home/apt,125,1,3,2023-11-12,1.05,1,0,3,
980413726629488708,Rental unit in Albany · 1 bedroom · 1 bed · 1 bath,536994984,Deanna,,SEVENTH WARD,42.652463321813265,-73.77498766972566,Entire home/apt,236,1,0,,,1,270,0,
983306819910081094,Rental unit in Albany · 2 bedrooms · 4 beds · 1 bath,114183978,Tyrell,,FIFTH WARD,42.66627900500492,-73.76511947562057,Entire home/apt,120,2,1,2023-10-22,0.39,1,175,1,
983307301778877403,Rental unit in Albany · ★4.58 · 3 bedrooms · 3 beds · 1 bath,426223840,Antonio,,ELEVENTH WARD,42.66391565517209,-73.77786945551634,Entire home/apt,115,1,12,2023-12-10,3.40,1,253,12,
989010058281318863,Rental unit in Albany · 1 bedroom · 2 beds · 1 bath,75667477,Ahmad,,SIXTH WARD,42.65411,-73.76129,Entire home/apt,99,30,2,2023-11-07,0.63,1,171,2,
989897095065962672,Home in Albany · 4 bedrooms · 5 beds · 1.5 baths,109133858,Priscilla,,THIRTEENTH WARD,42.671599252081194,-73.79798656710622,Entire home/apt,218,1,0,,,1,269,0,
990935487146379699,Rental unit in Albany · ★New · 1 bedroom · 1 bed · 1 bath,93905065,Grace,,SIXTH WARD,42.652599240074956,-73.761780139996,Entire home/apt,82,1,0,,,1,248,0,
992119832780871644,Rental unit in Albany · ★5.0 · 2 bedrooms · 2 beds · 1 bath,152762198,Allen,,FOURTEENTH WARD,42.6709773627501,-73.80695225761066,Entire home/apt,99,3,4,2023-12-03,1.30,8,116,4,
992554549672159765,Home in Albany · 4 bedrooms · 4 beds · 3.5 baths,476189412,Timothy,,SEVENTH WARD,42.64485687096462,-73.77281881169621,Entire home/apt,143,6,0,,,1,99,0,
993431459821117738,Rental unit in Albany · ★5.0 · 3 bedrooms · 4 beds · 1 bath,309980121,Ron,,SIXTH WARD,42.65623,-73.7641152,Entire home/apt,136,2,5,2023-12-22,1.76,1,270,5,
999161887055542119,Rental unit in Albany · ★5.0 · 1 bedroom · 1 bed · 1 bath,531209536,Amar,,THIRD WARD,42.65761589542138,-73.75115885472674,Entire home/apt,147,30,5,2023-11-05,1.85,1,349,5,
1004978540001566331,Home in Albany · 3 bedrooms · 2 beds · 2 baths,31318080,Cindy,,EIGHTH WARD,42.655497775508394,-73.8106566601018,Private room,200,1,0,,,1,261,0,
1005314747552182329,Rental unit in Albany · ★5.0 · 1 bedroom · 1 bed · 1 bath,462767507,Joshua,,SIXTH WARD,42.65483900711961,-73.7674333870007,Entire home/apt,70,1,5,2023-12-29,1.95,4,365,5,
1005978346817864540,Rental unit in Albany · ★4.50 · 4 bedrooms · 3 beds · 2 baths,44434571,Earl,,SECOND WARD,42.64534889999999,-73.75364650000002,Entire home/apt,181,1,6,2024-01-01,2.57,6,248,6,
1007354086435981132,Rental unit in Albany · ★4.50 · 4 bedrooms · 4 beds · 1 bath,232967878,Diana,,TENTH WARD,42.661365504548,-73.78482319521697,Entire home/apt,189,1,6,2023-12-10,2.86,19,270,6,
1010759793485911351,Home in Albany · ★4.63 · 1 bedroom · 1 bed · 3 baths,382970529,Thomas,,THIRTEENTH WARD,42.67002775509383,-73.7977054151877,Private room,55,2,8,2023-12-25,3.69,10,232,8,
1010759799610182054,Home in Albany · ★5.0 · 1 bedroom · 1 bed · 3 shared baths,382970529,Thomas,,THIRTEENTH WARD,42.6697096084112,-73.797549986088,Private room,55,1,12,2023-12-30,5.71,10,245,12,
1013659440189111738,Home in Albany · ★5.0 · 1 bedroom · 1 bed · 3 shared baths,382970529,Thomas,,FOURTEENTH WARD,42.66873116573401,-73.79930289371134,Private room,56,1,8,2023-12-30,3.87,10,149,8,
1014739415604882278,Rental unit in Albany · ★New · 1 bedroom · 1 bed · 1 bath,51050977,Manny,,NINTH WARD,42.6572643,-73.7769051,Entire home/apt,72,7,0,,,1,109,0,
1014871544925070480,Home in Albany · ★5.0 · 5 bedrooms · 3 beds · 3.5 baths,509662927,Sergio,,EIGHTH WARD,42.645494388571485,-73.83282736350908,Entire home/apt,390,1,7,2023-12-30,3.75,1,325,7,
1015040415785235963,Rental unit in Albany · ★New · 1 bedroom · 1 bed · 1 bath,539608284,Joyhefsiba,,THIRD WARD,42.66055503402607,-73.76233869351593,Entire home/apt,88,1,0,,,2,270,0,
1015385216942267174,Villa in Albany · ★New · 1 bedroom · 1 bed · Half-bath,182509542,Yan,,NINTH WARD,42.6558992,-73.7965699,Private room,24,1,0,,,1,89,0,
1016050146219474145,Rental unit in Albany · ★New · 1 bedroom · 1 bed · 1 bath,42708277,Rodney,,SIXTH WARD,42.65538680270734,-73.76416369206528,Entire home/apt,100,1,2,2023-11-08,0.95,2,347,2,
1018295677909928470,Home in Albany · ★5.0 · 1 bedroom · 1 bed · 3 baths,382970529,Thomas,,FOURTEENTH WARD,42.66792031298625,-73.79895760671212,Private room,58,1,8,2023-12-29,4.80,10,262,8,
1018299533220989494,Home in Albany · ★4.86 · 1 bedroom · 1 bed · 3 baths,382970529,Thomas,,THIRTEENTH WARD,42.66996089870569,-73.7981565369516,Private room,56,1,7,2023-12-22,3.75,10,253,7,
1018972187574908115,Rental unit in Albany · ★5.0 · 1 bedroom · 1 bed · 1 bath,37769478,Erion,,SIXTH WARD,42.6535,-73.77046,Entire home/apt,78,1,6,2023-12-29,3.67,8,359,6,
1020518500251473070,Rental unit in Albany · ★4.33 · 1 bedroom · 1 bed · 1 bath,233515764,Etem,,SECOND WARD,42.64713879857583,-73.7546608201248,Entire home/apt,52,1,3,2024-01-01,3,1,63,3,
1020993107237604444,Rental unit in Albany · ★New · 1 bedroom · 1 bed · 1 bath,47625981,Linda,,THIRD WARD,42.65859808957202,-73.76420635863742,Entire home/apt,120,1,1,2023-11-26,0.71,15,243,1,
1021011347006185640,Rental unit in Albany · ★New · 1 bedroom · 1 bed · 1 bath,47625981,Linda,,THIRD WARD,42.65970700274541,-73.76382104785372,Entire home/apt,119,1,1,2023-12-03,0.86,15,269,1,
1021559064135374208,Rental unit in Albany · ★New · 2 bedrooms · 3 beds · 1 bath,426253886,Aggie,,SECOND WARD,42.64655138980193,-73.7597240543698,Entire home/apt,92,1,0,,,3,262,0,
1023053182224590019,Home in Albany · ★5.0 · 3 bedrooms · 3 beds · 1 bath,496990578,Brian,,ELEVENTH WARD,42.66838,-73.77868,Entire home/apt,90,2,3,2024-01-01,2.57,1,77,3,
1027525160219619647,Rental unit in Albany · ★New · 1 bedroom · 1 bed · 1 bath,539608284,Joyhefsiba,,THIRD WARD,42.6605704874867,-73.76370206661538,Private room,53,1,0,,,2,269,0,
1028530521404077289,Rental unit in Albany · ★New · 2 bedrooms · 2 beds · 1 bath,462767507,Joshua,,SIXTH WARD,42.65487397780481,-73.76519868723663,Entire home/apt,88,3,2,2023-12-26,1.36,4,343,2,
1031769383031951534,Rental unit in Albany · ★New · 1 bedroom · 1 bed · 1 bath,542010451,Sophia,,THIRD WARD,42.65863677268644,-73.75184060852648,Entire home/apt,76,30,0,,,1,87,0,
1034722814589239236,Rental unit in Albany · ★New · 2 bedrooms · 2 beds · 2 baths,130404008,Michael,,THIRD WARD,42.65710530235223,-73.75132909012916,Entire home/apt,90,30,0,,,1,89,0,
1034818819017081948,Home in Albany · ★New · 3 bedrooms · 3 beds · 1 bath,392833833,Mary,,TWELFTH WARD,42.6759553661711,-73.79260844002489,Entire home/apt,118,2,1,2023-12-09,1,2,253,1,
1036082136099294311,Rental unit in Albany · ★New · 1 bedroom · 2 beds · 1 bath,4763049,Steve,,THIRD WARD,42.65477295784066,-73.74997242382096,Entire home/apt,89,2,0,,,1,90,0,
1040121861433023182,Rental unit in Albany · ★New · 1 bedroom · 1 bed · 1 bath,519143007,Philip,,ELEVENTH WARD,42.6736802909505,-73.78413107868002,Entire home/apt,79,1,1,2023-12-18,1,1,89,1,
1040624808363695229,Rental unit in Albany · ★New · Studio · 2 beds · 1 bath,42708277,Rodney,,SIXTH WARD,42.65446887973431,-73.76077862456057,Entire home/apt,67,1,0,,,2,217,0,
1041185569146627476,Home in Albany · ★New · 4 bedrooms · 6 beds · 1.5 baths,65282034,Archer,,TENTH WARD,42.66106893179246,-73.78973060044702,Entire home/apt,88,3,2,2023-12-30,2,1,83,2,
1043698525924990350,Home in Albany · ★New · 3 bedrooms · 4 beds · 1.5 baths,30218591,Rebecca,,FIFTEENTH WARD,42.6743202040481,-73.8155518362697,Entire home/apt,,2,0,,,1,22,0,
1045540313134380198,Rental unit in Albany · ★New · 1 bedroom · 1 bed · 1 shared bath,480004905,Ramiz,,ELEVENTH WARD,42.661442815090325,-73.77351291441055,Private room,50,1,0,,,1,269,0,
1051544181986274174,Rental unit in Albany · ★New · 1 bedroom · 1 bed · 1 bath,31994990,G.G.,,SEVENTH WARD,42.64478210549991,-73.7763956817521,Entire home/apt,73,15,0,,,1,92,0,
1052381112116173923,Home in Albany · ★New · 2 bedrooms · 2 beds · 1 bath,52464523,Dashima,,FIRST WARD,42.640812878490195,-73.7746275334913,Entire home/apt,70,30,1,2024-01-02,1,1,93,1,
1055481757202000214,Rental unit in Albany · ★New · 1 bedroom · 1 bed · 1 bath,28987572,Bryce,,SIXTH WARD,42.65098734769702,-73.76307767802679,Entire home/apt,118,2,0,,,1,270,0,
1056068682616336229,Home in Albany · ★New · 2 bedrooms · 1.5 baths,20536619,Emily,,THIRTEENTH WARD,42.671403853726794,-73.79431183637729,Private room,85,5,0,,,2,148,0,
1056469473906808728,Home in Albany · ★New · 1 bedroom · 1.5 shared baths,553112010,Linda,,TWELFTH WARD,42.71489625673386,-73.87648858665645,Private room,,2,0,,,1,268,0,
